[
  {
    "processName": "Order Management",
    "justCreated": true,
    "rules": [
      {
        "ruleName": "om1",
        "parentProcess": "Order Management",
        "includeOT": {
          "entities": [
            "Transport Document",
            "Customer Order"
          ],
          "condition": []
        },
        "includeAct": {
          "entities": [],
          "condition": []
        },
        "excludeOT": {
          "entities": [],
          "condition": []
        },
        "excludeAct": {
          "entities": [
            "Order Empty Containers"
          ],
          "condition": []
        }
      }
    ]
  },
  {
    "processName": "Goods Management",
    "justCreated": true,
    "rules": [
      {
        "ruleName": "gm1",
        "parentProcess": "Goods Management",
        "includeOT": {
          "entities": [],
          "condition": []
        },
        "includeAct": {
          "entities": [
            "Order Empty Containers",
            "Pick Up Empty Container",
            "Collect Goods"
          ],
          "condition": []
        },
        "excludeOT": {
          "entities": [],
          "condition": []
        },
        "excludeAct": {
          "entities": [],
          "condition": []
        }
      }
    ]
  },
  {
    "processName": "Transportation Management",
    "justCreated": true,
    "rules": [
      {
        "ruleName": "tm1",
        "parentProcess": "Transportation Management",
        "includeOT": {
          "entities": [
            "Container"
          ],
          "condition": []
        },
        "includeAct": {
          "entities": [],
          "condition": []
        },
        "excludeOT": {
          "entities": [],
          "condition": []
        },
        "excludeAct": {
          "entities": [
            "Pick Up Empty Container",
            "Order Empty Containers",
            "Collect Goods",
            "Depart",
            "Reschedule Container",
            "Load to Vehicle"
          ],
          "condition": []
        }
      }
    ]
  },
  {
    "processName": "Export Management",
    "justCreated": true,
    "rules": [
      {
        "ruleName": "em1",
        "parentProcess": "Export Management",
        "includeOT": {
          "entities": [],
          "condition": []
        },
        "includeAct": {
          "entities": [
            "Reschedule Container",
            "Load to Vehicle",
            "Depart"
          ],
          "condition": []
        },
        "excludeOT": {
          "entities": [],
          "condition": []
        },
        "excludeAct": {
          "entities": [],
          "condition": []
        }
      }
    ]
  }
]